{"meta": {"format": 2, "version": "7.5.4", "timestamp": "2024-07-10T12:23:53.833180", "branch_coverage": false, "show_contexts": false}, "files": {"scripts/__init__.py": {"executed_lines": [1], "summary": {"covered_lines": 0, "num_statements": 0, "percent_covered": 100.0, "percent_covered_display": "100", "missing_lines": 0, "excluded_lines": 0}, "missing_lines": [], "excluded_lines": []}, "scripts/gist.py": {"executed_lines": [1, 2, 3, 4, 6, 7, 8, 11, 12, 13, 14, 15, 17, 18, 19, 22, 23, 24, 25, 26, 27, 28, 29, 30, 31, 32, 33, 34, 35, 36, 37, 38, 40, 41, 51, 52], "summary": {"covered_lines": 34, "num_statements": 34, "percent_covered": 100.0, "percent_covered_display": "100", "missing_lines": 0, "excluded_lines": 0}, "missing_lines": [], "excluded_lines": []}, "scripts/utils.py": {"executed_lines": [1, 2, 3, 4, 5, 6, 8, 10, 12, 18, 21, 22, 25, 26, 28, 40, 103, 110, 111, 112, 113, 114, 122, 132, 133, 134, 135, 145, 156, 163, 164, 166, 178, 180, 181, 183, 194, 197, 200, 202, 210, 211, 212, 213, 215, 216, 217, 218, 219, 221, 231, 232, 233, 235, 248, 249, 250, 252, 259, 260, 262, 263, 264, 265, 266, 267, 268, 269, 277, 280, 283, 284], "summary": {"covered_lines": 72, "num_statements": 86, "percent_covered": 83.72093023255815, "percent_covered_display": "84", "missing_lines": 14, "excluded_lines": 0}, "missing_lines": [13, 15, 115, 116, 117, 118, 119, 120, 136, 137, 138, 139, 140, 141], "excluded_lines": []}, "tests/__init__.py": {"executed_lines": [1], "summary": {"covered_lines": 0, "num_statements": 0, "percent_covered": 100.0, "percent_covered_display": "100", "missing_lines": 0, "excluded_lines": 0}, "missing_lines": [], "excluded_lines": []}, "tests/test_utils.py": {"executed_lines": [1, 2, 3, 4, 6, 7, 8, 9, 10, 11, 12, 13, 16, 34, 36, 37, 38, 39, 40, 41, 42, 43, 45, 46, 47, 48, 49, 50, 51, 53, 54, 55, 57, 58, 59, 61, 62, 63, 64, 65, 66, 67, 69, 70, 71, 72, 74, 75, 77, 78, 79, 80, 82, 83], "summary": {"covered_lines": 54, "num_statements": 54, "percent_covered": 100.0, "percent_covered_display": "100", "missing_lines": 0, "excluded_lines": 0}, "missing_lines": [], "excluded_lines": []}}, "totals": {"covered_lines": 160, "num_statements": 174, "percent_covered": 91.95402298850574, "percent_covered_display": "92", "missing_lines": 14, "excluded_lines": 0}}