{"meta": {"format": 2, "version": "7.5.4", "timestamp": "2024-07-14T01:01:58.887720", "branch_coverage": false, "show_contexts": false}, "files": {"scripts/__init__.py": {"executed_lines": [1], "summary": {"covered_lines": 0, "num_statements": 0, "percent_covered": 100.0, "percent_covered_display": "100", "missing_lines": 0, "excluded_lines": 0}, "missing_lines": [], "excluded_lines": []}, "scripts/gist.py": {"executed_lines": [1, 2, 3, 4, 7, 8, 9, 13, 14, 15, 16, 17, 20, 21, 22, 26, 27, 28, 29, 30, 31, 32, 33, 34, 35, 36, 37, 38, 39, 40, 41, 42, 44, 45, 55, 59], "summary": {"covered_lines": 34, "num_statements": 34, "percent_covered": 100.0, "percent_covered_display": "100", "missing_lines": 0, "excluded_lines": 0}, "missing_lines": [], "excluded_lines": []}, "scripts/utils.py": {"executed_lines": [1, 2, 3, 4, 5, 6, 8, 10, 12, 18, 23, 24, 27, 28, 30, 42, 106, 113, 114, 115, 116, 117, 126, 136, 137, 138, 139, 151, 162, 169, 170, 173, 185, 187, 188, 191, 202, 205, 210, 213, 221, 222, 223, 224, 226, 227, 228, 229, 230, 233, 243, 244, 245, 247, 260, 261, 262, 265, 272, 273, 278, 279, 280, 281, 282, 283, 284, 285, 293, 296, 299, 300], "summary": {"covered_lines": 72, "num_statements": 86, "percent_covered": 83.72093023255815, "percent_covered_display": "84", "missing_lines": 14, "excluded_lines": 0}, "missing_lines": [13, 15, 118, 119, 120, 121, 122, 123, 140, 141, 142, 143, 144, 145], "excluded_lines": []}, "tests/__init__.py": {"executed_lines": [1], "summary": {"covered_lines": 0, "num_statements": 0, "percent_covered": 100.0, "percent_covered_display": "100", "missing_lines": 0, "excluded_lines": 0}, "missing_lines": [], "excluded_lines": []}, "tests/test_utils.py": {"executed_lines": [1, 2, 3, 4, 6, 7, 8, 9, 10, 11, 12, 13, 16, 31, 34, 35, 36, 37, 38, 39, 40, 41, 44, 45, 46, 47, 48, 49, 52, 55, 56, 57, 60, 61, 62, 65, 66, 67, 68, 69, 70, 71, 74, 75, 76, 77, 79, 80, 83, 84, 85, 86, 88, 89], "summary": {"covered_lines": 54, "num_statements": 54, "percent_covered": 100.0, "percent_covered_display": "100", "missing_lines": 0, "excluded_lines": 0}, "missing_lines": [], "excluded_lines": []}}, "totals": {"covered_lines": 160, "num_statements": 174, "percent_covered": 91.95402298850574, "percent_covered_display": "92", "missing_lines": 14, "excluded_lines": 0}}