{"meta": {"format": 2, "version": "7.5.4", "timestamp": "2024-07-14T19:12:50.626070", "branch_coverage": false, "show_contexts": false}, "files": {"scripts/__init__.py": {"executed_lines": [1], "summary": {"covered_lines": 0, "num_statements": 0, "percent_covered": 100.0, "percent_covered_display": "100", "missing_lines": 0, "excluded_lines": 0}, "missing_lines": [], "excluded_lines": []}, "scripts/gist.py": {"executed_lines": [1, 2, 3, 4, 7, 8, 9, 13, 14, 15, 16, 17, 20, 21, 22, 26, 27, 28, 29, 30, 31, 32, 33, 34, 35, 36, 37, 38, 39, 40, 41, 42, 44, 45, 55, 59], "summary": {"covered_lines": 34, "num_statements": 34, "percent_covered": 100.0, "percent_covered_display": "100", "missing_lines": 0, "excluded_lines": 0}, "missing_lines": [], "excluded_lines": []}, "scripts/utils.py": {"executed_lines": [1, 2, 3, 4, 5, 6, 8, 9, 11, 13, 19, 24, 25, 28, 29, 31, 43, 107, 114, 115, 116, 117, 118, 127, 137, 138, 139, 140, 152, 163, 170, 171, 174, 186, 188, 189, 192, 203, 206, 211, 214, 222, 223, 224, 225, 227, 228, 229, 230, 231, 234, 244, 245, 246, 248, 261, 262, 263, 266, 273, 274, 279, 280, 281, 282, 283, 284, 285, 286, 294, 307, 308, 320, 324, 332, 335, 336], "summary": {"covered_lines": 77, "num_statements": 92, "percent_covered": 83.69565217391305, "percent_covered_display": "84", "missing_lines": 15, "excluded_lines": 0}, "missing_lines": [14, 16, 119, 120, 121, 122, 123, 124, 141, 142, 143, 144, 145, 146, 329], "excluded_lines": []}, "tests/__init__.py": {"executed_lines": [1], "summary": {"covered_lines": 0, "num_statements": 0, "percent_covered": 100.0, "percent_covered_display": "100", "missing_lines": 0, "excluded_lines": 0}, "missing_lines": [], "excluded_lines": []}, "tests/test_utils.py": {"executed_lines": [1, 2, 3, 4, 6, 7, 8, 9, 10, 11, 12, 13, 16, 31, 34, 35, 36, 37, 38, 39, 40, 41, 44, 45, 46, 47, 48, 49, 52, 55, 56, 57, 60, 61, 62, 65, 66, 67, 68, 69, 70, 71, 74, 75, 76, 77, 79, 80, 83, 84, 85, 86, 88, 89], "summary": {"covered_lines": 54, "num_statements": 54, "percent_covered": 100.0, "percent_covered_display": "100", "missing_lines": 0, "excluded_lines": 0}, "missing_lines": [], "excluded_lines": []}}, "totals": {"covered_lines": 165, "num_statements": 180, "percent_covered": 91.66666666666667, "percent_covered_display": "92", "missing_lines": 15, "excluded_lines": 0}}